drug,disease
R239,D1
R433,D1
R501,D1
R35,D2
R37,D2
R57,D2
R73,D2
R162,D2
R243,D2
R249,D2
R462,D2
R501,D2
R569,D2
R589,D2
R644,D2
R84,D3
R23,D4
R84,D4
R88,D4
R155,D4
R199,D4
R262,D4
R274,D4
R314,D4
R319,D4
R354,D4
R402,D4
R450,D4
R465,D4
R315,D5
R276,D6
R304,D6
R388,D6
R111,D7
R276,D7
R375,D7
R493,D7
R50,D8
R195,D8
R249,D8
R292,D8
R312,D8
R372,D8
R409,D8
R67,D9
R100,D9
R123,D9
R165,D9
R203,D9
R223,D9
R243,D9
R269,D9
R360,D9
R575,D9
R20,D10
R100,D10
R143,D10
R298,D10
R378,D10
R456,D10
R487,D10
R491,D10
R20,D11
R143,D11
R298,D11
R378,D11
R456,D11
R487,D11
R491,D11
R453,D12
R625,D12
R645,D12
R649,D12
R656,D12
R28,D13
R230,D13
R253,D13
R323,D13
R427,D13
R459,D13
R302,D14
R431,D14
R332,D15
R331,D16
R124,D17
R192,D17
R276,D17
R440,D17
R505,D17
R545,D17
R586,D17
R575,D18
R48,D19
R117,D19
R132,D19
R179,D19
R210,D19
R252,D19
R263,D19
R328,D19
R390,D19
R401,D19
R423,D19
R479,D19
R480,D19
R533,D19
R587,D19
R62,D20
R71,D20
R91,D20
R177,D20
R228,D20
R242,D20
R454,D20
R485,D20
R506,D20
R557,D20
R572,D20
R96,D21
R145,D21
R214,D21
R242,D21
R439,D21
R463,D21
R72,D22
R115,D22
R246,D22
R261,D22
R267,D22
R571,D22
R641,D22
R171,D23
R225,D23
R338,D24
R1,D25
R84,D25
R88,D25
R124,D25
R175,D25
R178,D25
R199,D25
R230,D25
R242,D25
R245,D25
R272,D25
R299,D25
R354,D25
R432,D25
R457,D25
R463,D25
R470,D25
R519,D25
R559,D25
R576,D25
R584,D25
R597,D25
R602,D25
R230,D26
R242,D26
R285,D26
R342,D26
R519,D26
R154,D27
R70,D28
R269,D28
R518,D28
R523,D28
R549,D28
R561,D28
R43,D29
R67,D29
R82,D29
R140,D29
R246,D29
R293,D29
R413,D29
R486,D29
R498,D29
R524,D29
R527,D29
R583,D29
R293,D30
R19,D31
R442,D32
R416,D33
R553,D34
R359,D35
R553,D35
R338,D36
R142,D37
R150,D37
R302,D37
R322,D37
R340,D37
R358,D37
R364,D37
R431,D37
R577,D37
R20,D38
R35,D38
R64,D38
R73,D38
R100,D38
R143,D38
R146,D38
R162,D38
R298,D38
R332,D38
R366,D38
R378,D38
R456,D38
R491,D38
R176,D39
R276,D39
R329,D39
R427,D39
R474,D39
R561,D39
R588,D39
R2,D40
R465,D40
R54,D41
R86,D41
R111,D41
R161,D41
R163,D41
R204,D41
R297,D41
R325,D41
R377,D41
R415,D41
R476,D41
R483,D41
R500,D41
R530,D41
R534,D41
R604,D41
R54,D42
R86,D42
R111,D42
R161,D42
R163,D42
R204,D42
R297,D42
R325,D42
R377,D42
R415,D42
R476,D42
R483,D42
R500,D42
R530,D42
R534,D42
R604,D42
R4,D43
R663,D43
R54,D44
R86,D44
R111,D44
R161,D44
R163,D44
R204,D44
R297,D44
R325,D44
R377,D44
R415,D44
R476,D44
R483,D44
R500,D44
R528,D44
R530,D44
R534,D44
R604,D44
R30,D45
R62,D45
R276,D45
R331,D45
R388,D45
R416,D45
R460,D45
R572,D45
R577,D45
R288,D46
R211,D47
R30,D48
R243,D48
R1,D49
R95,D49
R134,D49
R262,D49
R319,D49
R438,D49
R450,D49
R625,D49
R50,D50
R87,D50
R194,D50
R317,D50
R520,D50
R268,D51
R359,D52
R359,D53
R359,D54
R214,D55
R242,D55
R439,D55
R110,D56
R176,D56
R269,D56
R276,D56
R357,D56
R588,D56
R110,D57
R264,D57
R357,D57
R368,D57
R2,D58
R94,D58
R2,D59
R94,D59
R94,D60
R94,D61
R15,D62
R503,D62
R461,D63
R200,D64
R41,D65
R331,D65
R630,D65
R96,D66
R230,D66
R242,D66
R463,D66
R519,D66
R597,D66
R341,D67
R65,D68
R211,D68
R249,D68
R291,D68
R327,D68
R38,D69
R89,D69
R137,D69
R147,D69
R180,D69
R201,D69
R216,D69
R289,D69
R295,D69
R394,D69
R410,D69
R565,D69
R573,D69
R574,D69
R89,D70
R137,D70
R147,D70
R180,D70
R201,D70
R289,D70
R295,D70
R370,D70
R394,D70
R410,D70
R540,D70
R565,D70
R574,D70
R71,D71
R81,D72
R181,D72
R81,D73
R181,D73
R6,D74
R12,D74
R37,D74
R41,D74
R102,D74
R103,D74
R110,D74
R187,D74
R191,D74
R200,D74
R209,D74
R238,D74
R248,D74
R253,D74
R264,D74
R315,D74
R334,D74
R355,D74
R357,D74
R368,D74
R389,D74
R425,D74
R430,D74
R431,D74
R440,D74
R458,D74
R472,D74
R494,D74
R501,D74
R609,D74
R611,D74
R622,D74
R637,D74
R246,D75
R30,D76
R640,D76
R31,D77
R87,D77
R90,D77
R166,D77
R185,D77
R227,D77
R249,D77
R331,D77
R478,D77
R543,D77
R544,D77
R600,D77
R630,D77
R631,D77
R553,D78
R84,D79
R155,D79
R276,D79
R308,D79
R281,D80
R448,D80
R508,D80
R517,D80
R24,D81
R56,D81
R273,D81
R281,D81
R488,D81
R508,D81
R516,D81
R517,D81
R593,D81
R105,D82
R167,D82
R249,D82
R462,D82
R496,D82
R547,D82
R517,D83
R281,D84
R448,D84
R508,D84
R517,D84
R273,D85
R277,D85
R488,D85
R593,D85
R154,D86
R175,D86
R221,D86
R262,D86
R469,D86
R519,D86
R607,D86
R633,D86
R648,D86
R338,D87
R338,D88
R142,D89
R291,D89
R300,D89
R443,D89
R515,D89
R601,D89
R608,D89
R11,D90
R41,D90
R61,D90
R102,D90
R103,D90
R104,D90
R127,D90
R133,D90
R136,D90
R147,D90
R170,D90
R197,D90
R212,D90
R213,D90
R226,D90
R240,D90
R339,D90
R346,D90
R357,D90
R384,D90
R405,D90
R409,D90
R431,D90
R472,D90
R494,D90
R507,D90
R555,D90
R585,D90
R588,D90
R622,D90
R577,D91
R517,D92
R283,D93
R10,D94
R13,D94
R15,D94
R23,D94
R503,D94
R10,D95
R15,D95
R27,D95
R49,D95
R205,D95
R215,D95
R229,D95
R251,D95
R300,D95
R305,D95
R308,D95
R322,D95
R358,D95
R399,D95
R403,D95
R455,D95
R483,D95
R503,D95
R568,D95
R47,D96
R135,D96
R147,D96
R338,D97
R276,D98
R388,D98
R440,D98
R370,D99
R6,D100
R30,D100
R37,D100
R41,D100
R57,D100
R76,D100
R83,D100
R87,D100
R92,D100
R93,D100
R102,D100
R105,D100
R109,D100
R110,D100
R113,D100
R121,D100
R128,D100
R182,D100
R184,D100
R185,D100
R187,D100
R189,D100
R196,D100
R200,D100
R207,D100
R212,D100
R219,D100
R227,D100
R240,D100
R248,D100
R249,D100
R253,D100
R256,D100
R264,D100
R266,D100
R284,D100
R287,D100
R303,D100
R313,D100
R321,D100
R334,D100
R335,D100
R357,D100
R367,D100
R379,D100
R389,D100
R406,D100
R407,D100
R412,D100
R420,D100
R421,D100
R427,D100
R430,D100
R431,D100
R437,D100
R462,D100
R467,D100
R494,D100
R514,D100
R538,D100
R543,D100
R546,D100
R547,D100
R552,D100
R562,D100
R563,D100
R572,D100
R575,D100
R578,D100
R622,D100
R624,D100
R119,D101
R133,D101
R147,D101
R153,D101
R171,D101
R269,D101
R276,D101
R278,D101
R295,D101
R388,D101
R440,D101
R502,D101
R507,D101
R217,D102
R245,D102
R307,D102
R584,D102
R269,D103
R253,D104
R274,D104
R357,D104
R431,D104
R494,D104
R307,D105
R62,D106
R485,D106
R506,D106
R557,D106
R176,D107
R242,D107
R269,D107
R276,D107
R338,D107
R474,D107
R3,D108
R269,D108
R276,D108
R388,D108
R431,D108
R460,D108
R588,D108
R634,D108
R186,D109
R311,D109
R315,D110
R588,D110
R577,D111
R577,D112
R306,D113
R542,D113
R573,D113
R582,D113
R91,D114
R383,D114
R385,D114
R469,D114
R597,D114
R91,D115
R383,D115
R385,D115
R469,D115
R597,D115
R373,D116
R585,D116
R203,D117
R41,D118
R51,D118
R61,D118
R76,D118
R101,D118
R102,D118
R104,D118
R110,D118
R126,D118
R137,D118
R171,D118
R246,D118
R276,D118
R293,D118
R296,D118
R309,D118
R310,D118
R357,D118
R418,D118
R421,D118
R431,D118
R435,D118
R436,D118
R462,D118
R464,D118
R552,D118
R587,D118
R47,D119
R72,D119
R115,D119
R246,D119
R261,D119
R267,D119
R304,D119
R571,D119
R641,D119
R184,D120
R479,D120
R547,D120
R623,D120
R332,D121
R502,D121
R507,D121
R460,D122
R310,D123
R421,D123
R552,D123
R31,D124
R331,D124
R628,D124
R26,D125
R27,D125
R33,D125
R38,D125
R42,D125
R44,D125
R49,D125
R55,D125
R72,D125
R74,D125
R77,D125
R89,D125
R99,D125
R108,D125
R120,D125
R123,D125
R132,D125
R137,D125
R138,D125
R142,D125
R156,D125
R165,D125
R172,D125
R180,D125
R184,D125
R201,D125
R205,D125
R215,D125
R216,D125
R218,D125
R229,D125
R241,D125
R246,D125
R249,D125
R256,D125
R259,D125
R261,D125
R270,D125
R289,D125
R291,D125
R293,D125
R300,D125
R305,D125
R306,D125
R308,D125
R322,D125
R361,D125
R362,D125
R365,D125
R371,D125
R394,D125
R397,D125
R398,D125
R399,D125
R401,D125
R403,D125
R408,D125
R410,D125
R441,D125
R443,D125
R445,D125
R455,D125
R465,D125
R478,D125
R481,D125
R483,D125
R513,D125
R515,D125
R526,D125
R536,D125
R547,D125
R551,D125
R562,D125
R564,D125
R565,D125
R568,D125
R571,D125
R573,D125
R592,D125
R595,D125
R601,D125
R608,D125
R616,D125
R641,D125
R25,D126
R50,D126
R87,D126
R114,D126
R194,D126
R317,D126
R409,D126
R520,D126
R554,D126
R581,D126
R591,D126
R594,D126
R203,D127
R57,D128
R67,D128
R196,D128
R243,D128
R269,D128
R462,D128
R6,D129
R12,D129
R37,D129
R110,D129
R187,D129
R191,D129
R200,D129
R209,D129
R238,D129
R248,D129
R253,D129
R264,D129
R315,D129
R334,D129
R355,D129
R357,D129
R368,D129
R389,D129
R430,D129
R431,D129
R458,D129
R472,D129
R494,D129
R501,D129
R609,D129
R611,D129
R622,D129
R637,D129
R49,D130
R84,D130
R308,D130
R403,D130
R455,D130
R10,D131
R13,D131
R15,D131
R23,D131
R84,D131
R88,D131
R199,D131
R274,D131
R314,D131
R402,D131
R503,D131
R174,D132
R224,D132
R226,D132
R329,D132
R514,D132
R537,D132
R548,D132
R588,D132
R84,D133
R155,D133
R274,D133
R402,D133
R535,D133
R25,D134
R32,D134
R50,D134
R87,D134
R157,D134
R185,D134
R194,D134
R203,D134
R227,D134
R317,D134
R501,D134
R520,D134
R543,D134
R544,D134
R594,D134
R35,D135
R64,D135
R73,D135
R106,D135
R139,D135
R146,D135
R162,D135
R206,D135
R316,D135
R332,D135
R366,D135
R416,D135
R456,D135
R560,D135
R569,D135
R589,D135
R618,D135
R35,D136
R64,D136
R73,D136
R106,D136
R139,D136
R146,D136
R149,D136
R162,D136
R167,D136
R206,D136
R255,D136
R316,D136
R332,D136
R456,D136
R487,D136
R552,D136
R560,D136
R589,D136
R618,D136
R644,D136
R73,D137
R106,D137
R139,D137
R146,D137
R149,D137
R162,D137
R167,D137
R206,D137
R255,D137
R316,D137
R456,D137
R487,D137
R552,D137
R560,D137
R589,D137
R644,D137
R5,D138
R40,D138
R246,D139
R249,D139
R261,D139
R306,D139
R345,D139
R422,D139
R269,D140
R299,D141
R576,D141
R200,D142
R264,D142
R200,D143
R111,D144
R285,D144
R1,D145
R88,D145
R208,D145
R354,D145
R519,D145
R532,D145
R567,D145
R572,D145
R597,D145
R42,D146
R138,D146
R241,D146
R371,D146
R401,D146
R515,D146
R592,D146
R647,D146
R74,D147
R120,D147
R142,D147
R156,D147
R184,D147
R220,D147
R256,D147
R324,D147
R481,D147
R524,D147
R526,D147
R568,D147
R265,D148
R269,D148
R276,D148
R460,D148
R588,D148
R495,D149
R650,D149
R65,D150
R100,D150
R114,D150
R131,D150
R160,D150
R171,D150
R194,D150
R197,D150
R211,D150
R239,D150
R243,D150
R271,D150
R301,D150
R327,D150
R374,D150
R426,D150
R497,D150
R501,D150
R581,D150
R591,D150
R606,D150
R615,D150
R636,D150
R338,D151
R177,D152
R214,D152
R242,D152
R350,D152
R484,D152
R50,D153
R170,D153
R211,D153
R327,D153
R95,D154
R111,D154
R134,D154
R319,D154
R400,D154
R450,D154
R621,D154
R276,D155
R469,D156
R245,D157
R269,D157
R276,D157
R460,D157
R588,D157
R592,D157
R45,D158
R80,D158
R159,D158
R244,D158
R364,D158
R582,D158
R154,D159
R463,D159
R249,D160
R30,D161
R32,D161
R288,D162
R324,D162
R72,D163
R246,D163
R359,D163
R414,D163
R462,D163
R571,D163
R658,D163
R48,D164
R117,D164
R132,D164
R167,D164
R179,D164
R210,D164
R247,D164
R252,D164
R328,D164
R332,D164
R359,D164
R390,D164
R423,D164
R425,D164
R533,D164
R553,D164
R571,D164
R30,D165
R243,D165
R310,D165
R386,D165
R406,D165
R276,D166
R349,D167
R468,D167
R485,D167
R579,D167
R479,D168
R88,D169
R95,D169
R124,D169
R134,D169
R262,D169
R319,D169
R438,D169
R450,D169
R188,D170
R237,D171
R639,D171
R2,D172
R228,D173
R463,D173
R584,D173
R9,D174
R280,D174
R20,D175
R121,D175
R136,D175
R167,D175
R184,D175
R190,D175
R256,D175
R293,D175
R310,D175
R313,D175
R421,D175
R547,D175
R552,D175
R575,D175
R276,D176
R453,D177
R656,D177
R144,D178
R308,D178
R398,D178
R403,D178
R408,D178
R276,D179
R388,D179
R8,D180
R553,D181
R6,D182
R110,D182
R200,D182
R209,D182
R238,D182
R248,D182
R253,D182
R264,D182
R315,D182
R334,D182
R357,D182
R368,D182
R389,D182
R431,D182
R458,D182
R472,D182
R494,D182
R501,D182
R611,D182
R49,D183
R144,D183
R165,D183
R259,D183
R308,D183
R403,D183
R408,D183
R465,D183
R29,D184
R52,D184
R53,D184
R79,D184
R112,D184
R151,D184
R174,D184
R193,D184
R224,D184
R226,D184
R234,D184
R254,D184
R269,D184
R276,D184
R286,D184
R295,D184
R318,D184
R330,D184
R344,D184
R369,D184
R384,D184
R395,D184
R429,D184
R440,D184
R452,D184
R466,D184
R468,D184
R498,D184
R537,D184
R579,D184
R580,D184
R588,D184
R610,D184
R617,D184
R626,D184
R352,D185
R359,D185
R414,D185
R462,D185
R141,D186
R242,D187
R276,D187
R460,D187
R499,D188
R53,D189
R79,D189
R112,D189
R144,D189
R193,D189
R286,D189
R308,D189
R369,D189
R395,D189
R398,D189
R403,D189
R408,D189
R452,D189
R579,D189
R580,D189
R463,D190
R70,D191
R482,D191
R518,D191
R523,D191
R549,D191
R627,D192
R141,D193
R141,D194
R250,D195
R141,D196
R442,D196
R49,D197
R58,D197
R144,D197
R165,D197
R172,D197
R218,D197
R259,D197
R308,D197
R365,D197
R370,D197
R388,D197
R398,D197
R403,D197
R408,D197
R465,D197
R568,D197
R588,D197
R625,D197
R88,D198
R272,D198
R290,D198
R319,D198
R354,D198
R450,D198
R559,D198
R577,D199
R21,D200
R67,D200
R100,D200
R152,D200
R239,D200
R258,D200
R288,D200
R337,D200
R352,D200
R359,D200
R370,D200
R373,D200
R411,D200
R414,D200
R510,D200
R553,D200
R570,D200
R612,D200
R614,D200
R171,D201
R225,D201
R553,D202
R17,D203
R657,D203
R381,D204
R381,D205
R387,D206
R7,D207
R663,D208
R177,D209
R228,D209
R242,D209
R269,D209
R276,D209
R307,D209
R342,D209
R454,D209
R471,D209
R506,D209
R556,D209
R588,D209
R599,D209
R22,D210
R50,D210
R141,D210
R170,D210
R327,D210
R22,D211
R50,D211
R170,D211
R327,D211
R141,D212
R167,D213
R195,D213
R247,D213
R332,D213
R349,D213
R553,D213
R94,D214
R20,D215
R164,D216
R164,D217
R164,D218
R242,D219
R417,D219
R306,D220
R542,D220
R573,D220
R582,D220
R20,D221
R27,D222
R205,D222
R215,D222
R279,D222
R322,D222
R399,D222
R619,D222
R60,D223
R116,D223
R232,D223
R242,D223
R260,D223
R276,D223
R329,D223
R344,D223
R380,D223
R460,D223
R588,D223
R603,D223
R616,D224
R71,D225
R91,D225
R130,D225
R169,D225
R177,D225
R214,D225
R228,D225
R242,D225
R245,D225
R350,D225
R383,D225
R454,D225
R463,D225
R506,D225
R557,D225
R572,D225
R553,D226
R553,D227
R577,D228
R21,D229
R100,D229
R239,D229
R288,D229
R337,D229
R370,D229
R414,D229
R570,D229
R612,D229
R614,D229
R276,D230
R304,D230
R388,D230
R8,D231
R272,D232
R559,D232
R15,D233
R503,D233
R338,D234
R370,D235
R489,D236
R492,D236
R110,D237
R200,D238
R228,D238
R242,D238
R342,D238
R454,D238
R471,D238
R424,D239
R605,D239
R71,D240
R91,D240
R177,D240
R228,D240
R242,D240
R268,D240
R275,D240
R276,D240
R307,D240
R454,D240
R463,D240
R485,D240
R506,D240
R556,D240
R557,D240
R572,D240
R599,D240
R288,D241
R620,D242
R8,D243
R32,D244
R47,D244
R105,D244
R157,D244
R194,D244
R227,D244
R231,D244
R304,D244
R317,D244
R357,D244
R494,D244
R520,D244
R3,D245
R231,D245
R326,D245
R460,D245
R529,D245
R623,D245
R97,D246
R222,D246
R242,D246
R245,D246
R276,D246
R404,D246
R588,D246
R638,D246
R471,D247
R34,D248
R71,D248
R84,D248
R155,D248
R198,D248
R214,D248
R228,D248
R463,D248
R489,D248
R490,D248
R501,D249
R501,D250
R81,D251
R181,D251
R172,D252
R308,D252
R365,D252
R398,D252
R403,D252
R408,D252
R214,D253
R228,D253
R383,D253
R463,D253
R490,D253
R164,D254
R164,D255
R62,D256
R226,D256
R424,D256
R549,D256
R203,D257
R214,D258
R242,D258
R285,D258
R439,D258
R463,D258
R15,D259
R73,D260
R106,D260
R139,D260
R146,D260
R149,D260
R162,D260
R167,D260
R206,D260
R255,D260
R316,D260
R456,D260
R487,D260
R552,D260
R560,D260
R589,D260
R644,D260
R593,D261
R167,D262
R446,D262
R524,D262
R22,D263
R50,D263
R170,D263
R327,D263
R16,D264
R18,D265
R404,D266
R469,D266
R471,D266
R110,D267
R36,D268
R76,D268
R153,D268
R210,D268
R392,D268
R428,D268
R511,D268
R521,D268
R544,D268
R631,D268
R632,D268
R10,D269
R13,D269
R15,D269
R23,D269
R503,D269
R42,D270
R138,D270
R241,D270
R515,D270
R592,D270
R647,D270
R20,D271
R23,D272
R63,D272
R226,D272
R329,D272
R360,D272
R388,D272
R460,D272
R475,D272
R485,D272
R579,D272
R598,D272
R71,D273
R91,D273
R177,D273
R228,D273
R242,D273
R454,D273
R506,D273
R572,D273
R352,D274
R359,D274
R414,D274
R462,D274
R228,D275
R242,D275
R383,D275
R463,D275
R490,D275
R129,D276
R356,D276
R400,D277
R91,D278
R214,D278
R242,D278
R245,D278
R350,D278
R557,D278
R306,D279
R542,D279
R573,D279
R582,D279
R81,D280
R181,D280
R235,D280
R343,D280
R62,D281
R69,D281
R71,D281
R84,D281
R97,D281
R155,D281
R178,D281
R214,D281
R228,D281
R230,D281
R236,D281
R242,D281
R245,D281
R268,D281
R276,D281
R282,D281
R307,D281
R338,D281
R342,D281
R350,D281
R382,D281
R383,D281
R385,D281
R388,D281
R439,D281
R440,D281
R454,D281
R463,D281
R469,D281
R471,D281
R484,D281
R506,D281
R519,D281
R539,D281
R550,D281
R557,D281
R588,D281
R597,D281
R599,D281
R602,D281
R638,D281
R19,D282
R10,D283
R13,D283
R15,D283
R23,D283
R503,D283
R10,D284
R20,D284
R2,D285
R14,D286
R387,D287
R107,D288
R276,D289
R51,D290
R76,D290
R104,D290
R137,D290
R171,D290
R246,D290
R296,D290
R309,D290
R663,D291
R203,D292
R499,D293
R352,D294
R359,D294
R414,D294
R462,D294
R570,D294
R114,D295
R327,D295
R600,D295
R499,D296
R499,D297
R36,D298
R153,D298
R392,D298
R511,D298
R521,D298
R631,D298
R632,D298
R117,D299
R210,D299
R252,D299
R263,D299
R276,D299
R363,D299
R388,D299
R390,D299
R423,D299
R2,D300
R141,D301
R10,D302
R13,D302
R15,D302
R23,D302
R503,D302
R189,D303
R253,D303
R76,D304
R510,D304
R553,D305
R173,D306
R313,D306
R455,D306
R88,D307
R290,D307
R354,D307
R450,D307
R171,D308
R225,D308
R302,D309
R340,D309
R364,D309
R577,D309
R73,D310
R106,D310
R139,D310
R146,D310
R149,D310
R162,D310
R167,D310
R206,D310
R255,D310
R316,D310
R456,D310
R487,D310
R552,D310
R560,D310
R589,D310
R644,D310
R10,D311
R13,D311
R15,D311
R23,D311
R503,D311
R121,D312
R184,D312
R256,D312
R313,D312
R547,D312
R575,D312
R73,D313
R106,D313
R139,D313
R146,D313
R149,D313
R162,D313
R167,D313
R206,D313
R255,D313
R316,D313
R456,D313
R487,D313
R552,D313
R560,D313
R589,D313
R644,D313
R352,D314
R359,D314
R414,D314
R462,D314
R570,D314
R48,D315
R117,D315
R179,D315
R252,D315
R328,D315
R341,D315
R423,D315
R533,D315
R548,D315
R663,D316
R49,D317
R144,D317
R165,D317
R172,D317
R276,D317
R308,D317
R363,D317
R365,D317
R370,D317
R388,D317
R398,D317
R403,D317
R408,D317
R465,D317
R568,D317
R588,D317
R625,D317
R577,D318
R54,D319
R86,D319
R111,D319
R161,D319
R163,D319
R204,D319
R297,D319
R325,D319
R377,D319
R415,D319
R476,D319
R483,D319
R500,D319
R530,D319
R534,D319
R604,D319
R2,D320
R185,D320
R227,D320
R66,D321
R613,D322
R29,D323
R53,D323
R79,D323
R112,D323
R151,D323
R193,D323
R254,D323
R286,D323
R295,D323
R318,D323
R330,D323
R344,D323
R369,D323
R384,D323
R395,D323
R429,D323
R452,D323
R466,D323
R468,D323
R498,D323
R579,D323
R580,D323
R610,D323
R617,D323
R2,D324
R185,D324
R227,D324
R424,D325
R605,D325
R30,D326
R136,D326
R249,D326
R310,D326
R373,D326
R421,D326
R577,D326
R663,D327
R663,D328
R24,D329
R150,D329
R302,D329
R340,D329
R364,D329
R431,D329
R449,D329
R577,D329
R1,D330
R88,D330
R567,D330
R228,D331
R588,D331
R625,D331
R78,D332
R125,D332
R228,D332
R242,D332
R268,D332
R307,D332
R451,D332
R454,D332
R463,D332
R471,D332
R556,D332
R572,D332
R599,D332
R661,D332
R36,D333
R153,D333
R392,D333
R428,D333
R511,D333
R521,D333
R631,D333
R632,D333
R663,D334
R89,D335
R137,D335
R147,D335
R180,D335
R201,D335
R289,D335
R295,D335
R394,D335
R410,D335
R565,D335
R574,D335
R276,D336
R388,D336
R431,D336
R634,D336
R577,D337
R577,D338
R663,D339
R663,D340
R173,D341
R549,D341
R155,D342
R274,D342
R402,D342
R509,D342
R535,D342
R20,D343
R143,D343
R298,D343
R378,D343
R456,D343
R487,D343
R491,D343
R658,D344
R73,D345
R106,D345
R139,D345
R146,D345
R149,D345
R162,D345
R167,D345
R206,D345
R255,D345
R316,D345
R456,D345
R487,D345
R552,D345
R560,D345
R589,D345
R644,D345
R78,D346
R268,D346
R463,D346
R471,D346
R556,D346
R599,D346
R661,D346
R110,D347
R568,D347
R68,D348
R75,D348
R85,D348
R116,D348
R118,D348
R119,D348
R151,D348
R168,D348
R171,D348
R176,D348
R183,D348
R240,D348
R254,D348
R257,D348
R269,D348
R276,D348
R294,D348
R320,D348
R329,D348
R333,D348
R336,D348
R341,D348
R344,D348
R347,D348
R376,D348
R384,D348
R391,D348
R396,D348
R419,D348
R434,D348
R444,D348
R447,D348
R502,D348
R504,D348
R512,D348
R522,D348
R538,D348
R541,D348
R588,D348
R596,D348
R626,D348
R635,D348
R651,D348
R652,D348
R653,D348
R654,D348
R655,D348
R659,D348
R662,D348
R663,D349
R343,D350
R200,D351
R209,D351
R242,D351
R431,D351
R494,D351
R39,D352
R46,D352
R165,D352
R174,D352
R233,D352
R319,D352
R338,D352
R341,D352
R427,D352
R438,D352
R450,D352
R451,D352
R477,D352
R621,D352
R352,D353
R359,D353
R414,D353
R462,D353
R570,D353
R76,D354
R510,D354
R20,D355
R100,D355
R143,D355
R298,D355
R378,D355
R456,D355
R491,D355
R276,D356
R388,D356
R431,D356
R634,D356
R276,D357
R388,D357
R431,D357
R634,D357
R20,D358
R143,D358
R298,D358
R378,D358
R456,D358
R487,D358
R491,D358
R68,D359
R75,D359
R85,D359
R116,D359
R118,D359
R119,D359
R151,D359
R168,D359
R171,D359
R176,D359
R183,D359
R240,D359
R254,D359
R269,D359
R276,D359
R294,D359
R320,D359
R329,D359
R333,D359
R336,D359
R341,D359
R344,D359
R347,D359
R376,D359
R384,D359
R391,D359
R396,D359
R419,D359
R434,D359
R444,D359
R447,D359
R502,D359
R504,D359
R512,D359
R522,D359
R541,D359
R588,D359
R596,D359
R626,D359
R635,D359
R651,D359
R652,D359
R653,D359
R654,D359
R655,D359
R659,D359
R662,D359
R68,D360
R75,D360
R85,D360
R116,D360
R118,D360
R119,D360
R151,D360
R168,D360
R171,D360
R176,D360
R183,D360
R240,D360
R254,D360
R269,D360
R276,D360
R294,D360
R320,D360
R329,D360
R333,D360
R336,D360
R341,D360
R344,D360
R347,D360
R376,D360
R384,D360
R391,D360
R396,D360
R419,D360
R434,D360
R444,D360
R447,D360
R502,D360
R504,D360
R512,D360
R522,D360
R541,D360
R588,D360
R596,D360
R626,D360
R635,D360
R651,D360
R652,D360
R653,D360
R654,D360
R655,D360
R659,D360
R662,D360
R154,D361
R155,D361
R175,D361
R262,D361
R469,D361
R607,D361
R633,D361
R648,D361
R31,D362
R331,D362
R628,D362
R68,D363
R75,D363
R85,D363
R116,D363
R118,D363
R119,D363
R151,D363
R168,D363
R171,D363
R176,D363
R183,D363
R240,D363
R254,D363
R269,D363
R276,D363
R294,D363
R320,D363
R329,D363
R333,D363
R336,D363
R341,D363
R344,D363
R347,D363
R376,D363
R384,D363
R391,D363
R396,D363
R419,D363
R434,D363
R444,D363
R447,D363
R502,D363
R504,D363
R512,D363
R522,D363
R541,D363
R588,D363
R596,D363
R626,D363
R635,D363
R651,D363
R652,D363
R653,D363
R654,D363
R655,D363
R659,D363
R662,D363
R250,D364
R73,D365
R106,D365
R139,D365
R146,D365
R149,D365
R162,D365
R167,D365
R206,D365
R255,D365
R316,D365
R456,D365
R487,D365
R552,D365
R560,D365
R589,D365
R644,D365
R76,D366
R100,D366
R122,D366
R239,D366
R501,D366
R646,D366
R20,D367
R171,D367
R607,D368
R660,D368
R171,D369
R20,D370
R143,D370
R298,D370
R378,D370
R456,D370
R487,D370
R491,D370
R73,D371
R106,D371
R139,D371
R146,D371
R149,D371
R162,D371
R167,D371
R206,D371
R255,D371
R316,D371
R456,D371
R487,D371
R552,D371
R560,D371
R589,D371
R644,D371
R85,D372
R118,D372
R119,D372
R151,D372
R158,D372
R168,D372
R171,D372
R183,D372
R254,D372
R269,D372
R276,D372
R320,D372
R333,D372
R344,D372
R376,D372
R384,D372
R396,D372
R434,D372
R444,D372
R447,D372
R504,D372
R522,D372
R525,D372
R541,D372
R579,D372
R590,D372
R626,D372
R635,D372
R652,D372
R653,D372
R662,D372
R40,D373
R388,D373
R30,D374
R577,D374
R499,D375
R348,D376
R494,D376
R6,D377
R110,D377
R200,D377
R209,D377
R238,D377
R248,D377
R253,D377
R264,D377
R315,D377
R334,D377
R357,D377
R368,D377
R389,D377
R431,D377
R458,D377
R472,D377
R494,D377
R501,D377
R611,D377
R51,D378
R25,D379
R76,D379
R87,D379
R194,D379
R353,D379
R51,D380
R104,D380
R296,D380
R435,D380
R436,D380
R464,D380
R51,D381
R51,D382
R43,D383
R72,D383
R98,D383
R120,D383
R148,D383
R202,D383
R249,D383
R293,D383
R302,D383
R413,D383
R486,D383
R531,D383
R536,D383
R558,D383
R566,D383
R164,D384
R164,D385
R352,D386
R359,D386
R414,D386
R462,D386
R570,D386
R352,D387
R359,D387
R414,D387
R462,D387
R570,D387
R352,D388
R359,D388
R414,D388
R462,D388
R570,D388
R352,D389
R359,D389
R414,D389
R462,D389
R570,D389
R268,D390
R73,D391
R106,D391
R139,D391
R146,D391
R149,D391
R162,D391
R167,D391
R206,D391
R255,D391
R316,D391
R456,D391
R487,D391
R552,D391
R560,D391
R589,D391
R644,D391
R20,D392
R143,D392
R298,D392
R378,D392
R456,D392
R487,D392
R491,D392
R6,D393
R12,D393
R37,D393
R110,D393
R187,D393
R191,D393
R200,D393
R209,D393
R238,D393
R248,D393
R253,D393
R264,D393
R315,D393
R334,D393
R355,D393
R357,D393
R368,D393
R389,D393
R430,D393
R431,D393
R458,D393
R472,D393
R494,D393
R501,D393
R609,D393
R611,D393
R622,D393
R637,D393
R164,D394
R22,D395
R50,D395
R170,D395
R327,D395
R499,D396
R102,D397
R103,D397
R109,D397
R147,D397
R153,D397
R213,D397
R384,D397
R393,D397
R412,D397
R437,D397
R502,D397
R507,D397
R629,D397
R352,D398
R359,D398
R414,D398
R462,D398
R570,D398
R553,D399
R59,D400
R268,D400
R471,D400
R599,D400
R642,D400
R643,D400
R661,D400
R473,D401
R56,D402
R142,D402
R322,D402
R351,D402
R358,D402
R401,D402
R480,D402
R276,D403
R388,D403
R431,D403
R634,D403
R200,D404
R43,D405
R72,D405
R98,D405
R120,D405
R148,D405
R202,D405
R293,D405
R302,D405
R413,D405
R486,D405
R26,D406
R27,D406
R33,D406
R38,D406
R44,D406
R49,D406
R55,D406
R72,D406
R74,D406
R77,D406
R99,D406
R108,D406
R120,D406
R123,D406
R137,D406
R142,D406
R156,D406
R165,D406
R172,D406
R184,D406
R205,D406
R215,D406
R216,D406
R218,D406
R229,D406
R246,D406
R249,D406
R251,D406
R256,D406
R259,D406
R261,D406
R270,D406
R291,D406
R293,D406
R300,D406
R305,D406
R306,D406
R308,D406
R322,D406
R361,D406
R362,D406
R365,D406
R397,D406
R398,D406
R399,D406
R403,D406
R408,D406
R441,D406
R443,D406
R445,D406
R465,D406
R478,D406
R481,D406
R483,D406
R515,D406
R526,D406
R536,D406
R547,D406
R551,D406
R562,D406
R564,D406
R568,D406
R571,D406
R595,D406
R601,D406
R608,D406
R616,D406
R641,D406
R499,D407
R186,D408
R311,D408
R20,D409
R143,D409
R298,D409
R378,D409
R456,D409
R487,D409
R491,D409
